{"cameraMode":{"drawMode":0,"name":"Shaded","section":"Shading Mode"},"sceneLighting":false,"audioPlay":false,"sceneViewState":{"m_AlwaysRefresh":false,"showFog":false,"showSkybox":false,"showFlares":false,"showImageEffects":false,"showParticleSystems":false,"showVisualEffectGraphs":true,"m_FxEnabled":true},"in2DMode":false,"pivot":{"x":1.1055686473846436,"y":1.267931342124939,"z":-1.1086857318878174},"rotation":{"x":-0.008285555988550187,"y":0.9826984405517578,"z":0.04502076655626297,"w":0.18108966946601869},"size":1.2652637958526612,"orthographic":false}