{"cameraMode":{"drawMode":0,"name":"Shaded","section":"Shading Mode"},"sceneLighting":true,"audioPlay":false,"sceneViewState":{"m_AlwaysRefresh":false,"showFog":true,"showSkybox":false,"showFlares":true,"showImageEffects":true,"showParticleSystems":true,"showVisualEffectGraphs":true,"m_FxEnabled":true},"in2DMode":false,"pivot":{"x":0.9993355870246887,"y":4.649364471435547,"z":-4.47233247756958},"rotation":{"x":0.41130393743515017,"y":0.06892677396535874,"z":-0.03105415590107441,"w":0.9085012674331665},"size":0.000017320509869023226,"orthographic":false}