{"cameraMode":{"drawMode":0,"name":"Shaded","section":"Shading Mode"},"sceneLighting":true,"audioPlay":false,"sceneViewState":{"m_AlwaysRefresh":false,"showFog":true,"showSkybox":false,"showFlares":true,"showImageEffects":true,"showParticleSystems":true,"showVisualEffectGraphs":true,"m_FxEnabled":true},"in2DMode":false,"pivot":{"x":0.05759024620056152,"y":-0.2666788101196289,"z":1.6145389080047608},"rotation":{"x":-0.25722044706344607,"y":-0.37081027030944826,"z":0.10783863067626953,"w":-0.8860317468643189},"size":3.2969472408294679,"orthographic":false}