{"cameraMode":{"drawMode":0,"name":"Shaded","section":"Shading Mode"},"sceneLighting":false,"audioPlay":false,"sceneViewState":{"m_AlwaysRefresh":false,"showFog":true,"showSkybox":false,"showFlares":true,"showImageEffects":true,"showParticleSystems":true,"showVisualEffectGraphs":true,"m_FxEnabled":true},"in2DMode":false,"pivot":{"x":-6.0882978439331059,"y":0.8773223161697388,"z":3.685354471206665},"rotation":{"x":0.028153249993920327,"y":0.811760663986206,"z":-0.0392414890229702,"w":0.5821824073791504},"size":0.0000173361931956606,"orthographic":false}