{"cameraMode":{"drawMode":0,"name":"Shaded","section":"Shading Mode"},"sceneLighting":true,"audioPlay":false,"sceneViewState":{"m_AlwaysRefresh":false,"showFog":true,"showSkybox":false,"showFlares":true,"showImageEffects":true,"showParticleSystems":true,"showVisualEffectGraphs":true,"m_FxEnabled":true},"in2DMode":false,"pivot":{"x":-1.9058468341827393,"y":0.9164522886276245,"z":-1.262784481048584},"rotation":{"x":-0.0038921774830669166,"y":0.9559814929962158,"z":0.01260471623390913,"w":0.29349491000175478},"size":0.8660253882408142,"orthographic":false}