{"cameraMode":{"drawMode":0,"name":"Shaded","section":"Shading Mode"},"sceneLighting":false,"audioPlay":false,"sceneViewState":{"m_AlwaysRefresh":false,"showFog":true,"showSkybox":false,"showFlares":true,"showImageEffects":true,"showParticleSystems":true,"showVisualEffectGraphs":true,"m_FxEnabled":true},"in2DMode":false,"pivot":{"x":-0.3667283058166504,"y":0.06634902954101563,"z":4.630664825439453},"rotation":{"x":0.07237653434276581,"y":-0.9150235652923584,"z":0.18988943099975587,"w":0.34889963269233706},"size":5.038415431976318,"orthographic":false}